1.jpg, 1
2.jpg, 1
3.jpg, 1
4.jpg, 1
5.jpg, 1
6.jpg, 1
7.jpg, 1
8.jpg, 1
9.jpg, 1
10.jpg, 1
11.jpg, 1
12.jpg, 1
13.jpg, 1
14.jpg, 1
15.jpg, 1
16.jpg, 1
17.jpg, 1
18.jpg, 1
19.jpg, 1
20.jpg, 1
21.jpg, 1
22.jpg, 1
23.jpg, 1
24.jpg, 1
25.jpg, 1
26.jpg, 1
27.jpg, 1
28.jpg, 1
29.jpg, 1
30.jpg, 1
31.jpg, 1
32.jpg, 1
33.jpg, 1
34.jpg, 1
35.jpg, 1
36.jpg, 1
37.jpg, 1
38.jpg, 1
39.jpg, 1
40.jpg, 1
41.jpg, 1
42.jpg, 1
43.jpg, 1
44.jpg, 1
45.jpg, 1
46.jpg, 1
47.jpg, 1
48.jpg, 1
49.jpg, 1
50.jpg, 1
51.jpg, 1
52.jpg, 1
53.jpg, 1
54.jpg, 1
55.jpg, 1
56.jpg, 1
57.jpg, 1
58.jpg, 1
59.jpg, 1
60.jpg, 1
61.jpg, 1
62.jpg, 1
63.jpg, 1
64.jpg, 1
65.jpg, 1
66.jpg, 1
67.jpg, 1
68.jpg, 1
69.jpg, 1
70.jpg, 1
71.jpg, 1
72.jpg, 1
73.jpg, 1
74.jpg, 1
75.jpg, 1
76.jpg, 1
77.jpg, 1
78.jpg, 1
79.jpg, 1
80.jpg, 1
81.jpg, 1
82.jpg, 1
83.jpg, 1
84.jpg, 1
85.jpg, 1
86.jpg, 1
87.jpg, 1
88.jpg, 1
89.jpg, 1
90.jpg, 1
91.jpg, 1
92.jpg, 1
93.jpg, 1
94.jpg, 1
95.jpg, 1
96.jpg, 1
97.jpg, 1
98.jpg, 1
99.jpg, 1
100.jpg, 1
101.jpg, 1
102.jpg, 1
103.jpg, 1
104.jpg, 1
105.jpg, 1
106.jpg, 1
107.jpg, 1
108.jpg, 1
109.jpg, 1
110.jpg, 1
111.jpg, 1
112.jpg, 1
113.jpg, 1
114.jpg, 1
115.jpg, 1
116.jpg, 1
117.jpg, 1
118.jpg, 1
119.jpg, 1
120.jpg, 1
121.jpg, 1
122.jpg, 1
123.jpg, 1
124.jpg, 1
125.jpg, 1
126.jpg, 1
127.jpg, 1
128.jpg, 1
129.jpg, 1
130.jpg, 1
131.jpg, 1
132.jpg, 1
133.jpg, 1
134.jpg, 1
135.jpg, 1
136.jpg, 1
137.jpg, 1
138.jpg, 1
139.jpg, 1
140.jpg, 1
141.jpg, 1
142.jpg, 1
143.jpg, 1
144.jpg, 1
145.jpg, 1
146.jpg, 1
147.jpg, 1
148.jpg, 1
149.jpg, 1
150.jpg, 1
151.jpg, 1
152.jpg, 1
153.jpg, 1
154.jpg, 1
155.jpg, 1
156.jpg, 1
157.jpg, 1
158.jpg, 1
159.jpg, 1
160.jpg, 1
161.jpg, 1
162.jpg, 1
163.jpg, 1
164.jpg, 1
165.jpg, 1
166.jpg, 1
167.jpg, 1
168.jpg, 1
169.jpg, 1
170.jpg, 1
171.jpg, 1
172.jpg, 1
173.jpg, 1
174.jpg, 1
175.jpg, 1
176.jpg, 1
177.jpg, 1
178.jpg, 1
179.jpg, 1
180.jpg, 1
181.jpg, 1
182.jpg, 1
183.jpg, 1
184.jpg, 1
185.jpg, 1
186.jpg, 1
187.jpg, 1
188.jpg, 1
189.jpg, 1
190.jpg, 1
191.jpg, 1
192.jpg, 1
193.jpg, 1
194.jpg, 1
195.jpg, 1
196.jpg, 1
197.jpg, 1
198.jpg, 1
199.jpg, 1
200.jpg, 1
201.jpg, 1
202.jpg, 1
203.jpg, 1
204.jpg, 1
205.jpg, 1
206.jpg, 1
207.jpg, 1
208.jpg, 1
209.jpg, 1
210.jpg, 1
211.jpg, 1
212.jpg, 1
213.jpg, 1
214.jpg, 1
215.jpg, 1
216.jpg, 1
217.jpg, 1
218.jpg, 1
219.jpg, 1
220.jpg, 1
221.jpg, 1
222.jpg, 1
223.jpg, 1
224.jpg, 1
225.jpg, 1
226.jpg, 1
227.jpg, 1
228.jpg, 1
229.jpg, 1
230.jpg, 1
231.jpg, 1
232.jpg, 1
233.jpg, 1
234.jpg, 1
235.jpg, 1
236.jpg, 1
237.jpg, 1
238.jpg, 1
239.jpg, 1
240.jpg, 1
241.jpg, 1
242.jpg, 1
243.jpg, 1
244.jpg, 1
245.jpg, 1
246.jpg, 1
247.jpg, 1
248.jpg, 1
249.jpg, 1
250.jpg, 1
251.jpg, 1
252.jpg, 1
253.jpg, 1
254.jpg, 1
255.jpg, 1
256.jpg, 1
257.jpg, 1
258.jpg, 1
259.jpg, 1
260.jpg, 1
261.jpg, 1
262.jpg, 1
263.jpg, 1
264.jpg, 1
265.jpg, 1
266.jpg, 1
267.jpg, 1
268.jpg, 1
269.jpg, 1
270.jpg, 1
271.jpg, 1
272.jpg, 1
273.jpg, 1
274.jpg, 1
275.jpg, 1
276.jpg, 1
277.jpg, 1
278.jpg, 1
279.jpg, 1
280.jpg, 1
281.jpg, 1
282.jpg, 1
283.jpg, 1
284.jpg, 1
285.jpg, 1
286.jpg, 1
287.jpg, 1
288.jpg, 1
289.jpg, 1
290.jpg, 1
291.jpg, 1
292.jpg, 1
293.jpg, 1
294.jpg, 1
295.jpg, 1
296.jpg, 1
297.jpg, 1
298.jpg, 1
299.jpg, 1
300.jpg, 1
301.jpg, 1
302.jpg, 1
303.jpg, 1
304.jpg, 1
305.jpg, 1
306.jpg, 1
307.jpg, 1
308.jpg, 1
309.jpg, 1
310.jpg, 1
311.jpg, 1
312.jpg, 1
313.jpg, 1
314.jpg, 1
315.jpg, 1
316.jpg, 1
317.jpg, 1
318.jpg, 1
319.jpg, 1
320.jpg, 1
321.jpg, 1
322.jpg, 1
323.jpg, 1
324.jpg, 1
325.jpg, 1
326.jpg, 1
327.jpg, 1
328.jpg, 1
329.jpg, 1
330.jpg, 1
331.jpg, 1
332.jpg, 1
333.jpg, 1
334.jpg, 1
335.jpg, 1
336.jpg, 1
337.jpg, 1
338.jpg, 1
339.jpg, 1
340.jpg, 1
341.jpg, 1
342.jpg, 1
343.jpg, 1
344.jpg, 1
345.jpg, 1
346.jpg, 1
347.jpg, 1
348.jpg, 1
349.jpg, 1
350.jpg, 1
351.jpg, 1
352.jpg, 1
353.jpg, 1
354.jpg, 1
355.jpg, 1
356.jpg, 1
357.jpg, 1
358.jpg, 1
359.jpg, 1
360.jpg, 1
361.jpg, 1
362.jpg, 1
363.jpg, 1
364.jpg, 1
365.jpg, 1
366.jpg, 1
367.jpg, 1
368.jpg, 1
369.jpg, 1
370.jpg, 1
371.jpg, 1
372.jpg, 1
373.jpg, 1
374.jpg, 1
375.jpg, 1
376.jpg, 1
377.jpg, 1
378.jpg, 1
379.jpg, 1
380.jpg, 1
381.jpg, 1
382.jpg, 1
383.jpg, 1
384.jpg, 1
385.jpg, 1
386.jpg, 1
387.jpg, 1
388.jpg, 1
389.jpg, 1
390.jpg, 1
391.jpg, 1
392.jpg, 1
393.jpg, 1
394.jpg, 1
395.jpg, 1
396.jpg, 1
397.jpg, 1
398.jpg, 1
399.jpg, 1
400.jpg, 1
401.jpg, 1
402.jpg, 1
403.jpg, 1
404.jpg, 1
405.jpg, 1
406.jpg, 1
407.jpg, 1
408.jpg, 1
409.jpg, 1
410.jpg, 1
411.jpg, 1
412.jpg, 1
413.jpg, 1
414.jpg, 1
415.jpg, 1
416.jpg, 1
417.jpg, 1
418.jpg, 1
419.jpg, 1
420.jpg, 1
421.jpg, 1
422.jpg, 1
423.jpg, 1
424.jpg, 1
425.jpg, 1
426.jpg, 1
427.jpg, 1
428.jpg, 1
429.jpg, 1
430.jpg, 1
431.jpg, 1
432.jpg, 1
433.jpg, 1
434.jpg, 1
435.jpg, 1
436.jpg, 1
437.jpg, 1
438.jpg, 1
439.jpg, 1
440.jpg, 1
441.jpg, 1
442.jpg, 1
443.jpg, 1
444.jpg, 1
445.jpg, 1
446.jpg, 1
447.jpg, 1
448.jpg, 1
449.jpg, 1
450.jpg, 1
451.jpg, 1
452.jpg, 1
453.jpg, 1
454.jpg, 1
455.jpg, 1
456.jpg, 1
457.jpg, 1
458.jpg, 1
459.jpg, 1
460.jpg, 1
461.jpg, 1
462.jpg, 1
463.jpg, 1
464.jpg, 1
465.jpg, 1
466.jpg, 1
467.jpg, 1
468.jpg, 1
469.jpg, 1
470.jpg, 1
471.jpg, 1
472.jpg, 1
473.jpg, 1
474.jpg, 1
475.jpg, 1
476.jpg, 1
477.jpg, 1
478.jpg, 1
479.jpg, 1
480.jpg, 1
481.jpg, 1
482.jpg, 1
483.jpg, 1
484.jpg, 1
485.jpg, 1
486.jpg, 1
487.jpg, 1
488.jpg, 1
489.jpg, 1
490.jpg, 1
491.jpg, 1
492.jpg, 1
493.jpg, 1
494.jpg, 1
495.jpg, 1
496.jpg, 1
497.jpg, 1
498.jpg, 1
499.jpg, 1
500.jpg, 1
501.jpg, 1
502.jpg, 1
503.jpg, 1
504.jpg, 1
505.jpg, 1
506.jpg, 1
507.jpg, 1
508.jpg, 1
509.jpg, 1
510.jpg, 1
511.jpg, 1
512.jpg, 1
513.jpg, 1
514.jpg, 1
515.jpg, 1
516.jpg, 1
517.jpg, 1
518.jpg, 1
519.jpg, 1
520.jpg, 1
521.jpg, 1
522.jpg, 1
523.jpg, 1
524.jpg, 1
525.jpg, 1
526.jpg, 1
527.jpg, 1
528.jpg, 1
529.jpg, 1
530.jpg, 1
531.jpg, 1
532.jpg, 1
533.jpg, 1
534.jpg, 1
535.jpg, 1
536.jpg, 1
537.jpg, 1
538.jpg, 1
539.jpg, 1
540.jpg, 1
541.jpg, 1
542.jpg, 1
543.jpg, 1
544.jpg, 1
545.jpg, 1
546.jpg, 1
547.jpg, 1
548.jpg, 1
549.jpg, 1
550.jpg, 1
551.jpg, 1
552.jpg, 1
553.jpg, 1
554.jpg, 1
555.jpg, 1
556.jpg, 1
557.jpg, 1
558.jpg, 1
559.jpg, 1
560.jpg, 1
561.jpg, 1
562.jpg, 1
563.jpg, 1
564.jpg, 1
565.jpg, 1
566.jpg, 1
567.jpg, 1
568.jpg, 1
569.jpg, 1
570.jpg, 1
571.jpg, 1
572.jpg, 1
573.jpg, 1
574.jpg, 1
575.jpg, 1
576.jpg, 1
577.jpg, 1
578.jpg, 1
579.jpg, 1
580.jpg, 1
581.jpg, 1
582.jpg, 1
583.jpg, 1
584.jpg, 1
585.jpg, 1
586.jpg, 1
587.jpg, 1
588.jpg, 1
589.jpg, 1
590.jpg, 1
591.jpg, 1
592.jpg, 1
593.jpg, 1
594.jpg, 1
595.jpg, 1
596.jpg, 1
597.jpg, 1
598.jpg, 1
599.jpg, 1
600.jpg, 1
601.jpg, 1
602.jpg, 1
603.jpg, 1
604.jpg, 1
605.jpg, 1
606.jpg, 1
607.jpg, 1
608.jpg, 1
609.jpg, 1
610.jpg, 1
611.jpg, 1
612.jpg, 1
613.jpg, 1
614.jpg, 1
615.jpg, 1
616.jpg, 1
617.jpg, 1
618.jpg, 1
619.jpg, 1
620.jpg, 1
621.jpg, 1
622.jpg, 1
623.jpg, 1
624.jpg, 1
625.jpg, 1
626.jpg, 1
627.jpg, 1
628.jpg, 1
629.jpg, 1
630.jpg, 1
631.jpg, 1
632.jpg, 1
633.jpg, 1
634.jpg, 1
635.jpg, 1
636.jpg, 1
637.jpg, 1
638.jpg, 1
639.jpg, 1
640.jpg, 1
641.jpg, 1
642.jpg, 1
643.jpg, 1
644.jpg, 1
645.jpg, 1
646.jpg, 1
647.jpg, 1
648.jpg, 1
649.jpg, 1
650.jpg, 1
651.jpg, 1
652.jpg, 1
653.jpg, 1
654.jpg, 1
655.jpg, 1
656.jpg, 1
657.jpg, 1
658.jpg, 1
659.jpg, 1
660.jpg, 1
661.jpg, 1
662.jpg, 1
663.jpg, 1
664.jpg, 1
665.jpg, 1
666.jpg, 1
667.jpg, 1
668.jpg, 1
669.jpg, 1
670.jpg, 1
671.jpg, 1
672.jpg, 1
673.jpg, 1
674.jpg, 1
675.jpg, 1
676.jpg, 1
677.jpg, 1
678.jpg, 1
679.jpg, 1
680.jpg, 1
681.jpg, 1
682.jpg, 1
683.jpg, 1
684.jpg, 1
685.jpg, 1
686.jpg, 1
687.jpg, 1
688.jpg, 1
689.jpg, 1
690.jpg, 1
691.jpg, 1
692.jpg, 1
693.jpg, 1
694.jpg, 1
695.jpg, 1
696.jpg, 1
697.jpg, 1
698.jpg, 1
699.jpg, 1
700.jpg, 1
701.jpg, 1
702.jpg, 1
703.jpg, 1
704.jpg, 1
705.jpg, 1
706.jpg, 1
707.jpg, 1
708.jpg, 1
709.jpg, 1
710.jpg, 1
711.jpg, 1
712.jpg, 1
713.jpg, 1
714.jpg, 1
715.jpg, 1
716.jpg, 1
717.jpg, 1
718.jpg, 1
719.jpg, 1
720.jpg, 1
721.jpg, 1
722.jpg, 1
723.jpg, 1
724.jpg, 1
725.jpg, 1
726.jpg, 1
727.jpg, 1
728.jpg, 1
729.jpg, 1
730.jpg, 1
731.jpg, 1
732.jpg, 1
733.jpg, 1
734.jpg, 1
735.jpg, 1
736.jpg, 1
737.jpg, 1
738.jpg, 1
739.jpg, 1
740.jpg, 1
741.jpg, 1
742.jpg, 1
743.jpg, 1
744.jpg, 1
745.jpg, 1
746.jpg, 1
747.jpg, 1
748.jpg, 1
749.jpg, 1
750.jpg, 1
751.jpg, 1
752.jpg, 1
753.jpg, 1
754.jpg, 1
755.jpg, 1
756.jpg, 1
757.jpg, 1
758.jpg, 1
759.jpg, 1
760.jpg, 1
760.jpg, 1
761.jpg, 1
762.jpg, 1
763.jpg, 1
764.jpg, 1
765.jpg, 1
766.jpg, 1
767.jpg, 1
768.jpg, 1
769.jpg, 1
770.jpg, 1
771.jpg, 1
772.jpg, 1
773.jpg, 1
774.jpg, 1
775.jpg, 1
776.jpg, 1
777.jpg, 1
778.jpg, 1
779.jpg, 1
780.jpg, 1
781.jpg, 1
782.jpg, 1
783.jpg, 1
784.jpg, 1
785.jpg, 1
786.jpg, 1
787.jpg, 1
788.jpg, 1
789.jpg, 1
790.jpg, 1
791.jpg, 1
792.jpg, 1
793.jpg, 1
794.jpg, 1
795.jpg, 1
796.jpg, 1
797.jpg, 1
798.jpg, 1
799.jpg, 1
800.jpg, 1
801.jpg, 1
802.jpg, 1
803.jpg, 1
804.jpg, 1
805.jpg, 1
806.jpg, 1
807.jpg, 1
808.jpg, 1
809.jpg, 1
810.jpg, 1
811.jpg, 1
812.jpg, 1
813.jpg, 1
814.jpg, 1
815.jpg, 1
816.jpg, 1
817.jpg, 1
818.jpg, 1
819.jpg, 1
820.jpg, 1
821.jpg, 1
822.jpg, 1
823.jpg, 1
824.jpg, 1
825.jpg, 1
826.jpg, 1
827.jpg, 1
828.jpg, 1
829.jpg, 1
830.jpg, 1
831.jpg, 1
832.jpg, 1
833.jpg, 1
834.jpg, 1
835.jpg, 1
836.jpg, 1
837.jpg, 1
838.jpg, 1
839.jpg, 1
840.jpg, 1
841.jpg, 1
842.jpg, 1
843.jpg, 1
844.jpg, 1
845.jpg, 1
846.jpg, 1
847.jpg, 1
848.jpg, 1
849.jpg, 1
850.jpg, 1
851.jpg, 1
852.jpg, 1
853.jpg, 1
854.jpg, 1
855.jpg, 1
856.jpg, 1
857.jpg, 1
858.jpg, 1
859.jpg, 1
860.jpg, 1
861.jpg, 1
862.jpg, 1
863.jpg, 1
864.jpg, 1
865.jpg, 1
866.jpg, 1
867.jpg, 1
868.jpg, 1
869.jpg, 1
870.jpg, 1
871.jpg, 1
872.jpg, 1
873.jpg, 1
874.jpg, 1
875.jpg, 1
876.jpg, 1
877.jpg, 1
878.jpg, 1
879.jpg, 1
880.jpg, 1
881.jpg, 1
882.jpg, 1
883.jpg, 1
884.jpg, 1
885.jpg, 1
886.jpg, 1
887.jpg, 1
888.jpg, 1
889.jpg, 1
890.jpg, 1
891.jpg, 1
892.jpg, 1
893.jpg, 1
894.jpg, 1
895.jpg, 1
896.jpg, 1
897.jpg, 1
898.jpg, 1
899.jpg, 1
900.jpg, 1
901.jpg, 1
902.jpg, 1
903.jpg, 1
904.jpg, 1
905.jpg, 1
906.jpg, 1
907.jpg, 1
908.jpg, 1
909.jpg, 1
910.jpg, 1
911.jpg, 1
912.jpg, 1
913.jpg, 1
914.jpg, 1
915.jpg, 1
916.jpg, 1
917.jpg, 1
918.jpg, 1
919.jpg, 1
920.jpg, 1
921.jpg, 1
922.jpg, 1
923.jpg, 1
924.jpg, 1
925.jpg, 1
926.jpg, 1
927.jpg, 1
928.jpg, 1
929.jpg, 1
930.jpg, 1
931.jpg, 1
932.jpg, 1
933.jpg, 1
934.jpg, 1
935.jpg, 1
936.jpg, 1
937.jpg, 1
938.jpg, 1
939.jpg, 1
940.jpg, 1
941.jpg, 1
942.jpg, 1
943.jpg, 1
944.jpg, 1
945.jpg, 1
946.jpg, 1
947.jpg, 1
948.jpg, 1
949.jpg, 1
950.jpg, 1
951.jpg, 1
952.jpg, 1
953.jpg, 1
954.jpg, 1
955.jpg, 1
956.jpg, 1
957.jpg, 1
958.jpg, 1
959.jpg, 1
960.jpg, 1
961.jpg, 1
962.jpg, 1
963.jpg, 1
964.jpg, 1
965.jpg, 1
966.jpg, 1
967.jpg, 1
968.jpg, 1
969.jpg, 1
970.jpg, 1
971.jpg, 1
972.jpg, 1
973.jpg, 1
974.jpg, 1
975.jpg, 1
976.jpg, 1
977.jpg, 1
978.jpg, 1
979.jpg, 1
980.jpg, 1
981.jpg, 1
982.jpg, 1
983.jpg, 1
984.jpg, 1
985.jpg, 1
986.jpg, 1
987.jpg, 1
988.jpg, 1
989.jpg, 1
990.jpg, 1
991.jpg, 1
992.jpg, 1
993.jpg, 1
994.jpg, 1
995.jpg, 1
996.jpg, 1
997.jpg, 1
998.jpg, 1
999.jpg, 1
1000.jpg, 1
1001.jpg, 1
1002.jpg, 1
1003.jpg, 1
1004.jpg, 1
1005.jpg, 1
1006.jpg, 1
1007.jpg, 1
1008.jpg, 1
1009.jpg, 1
1010.jpg, 1
1011.jpg, 1
1012.jpg, 1
1013.jpg, 1
1014.jpg, 1
1015.jpg, 1
1016.jpg, 1
1017.jpg, 1
1018.jpg, 1
1019.jpg, 1
1020.jpg, 1
1021.jpg, 1
1022.jpg, 1
1023.jpg, 1
1024.jpg, 1
1025.jpg, 1
1026.jpg, 1
1027.jpg, 1
1028.jpg, 1
1029.jpg, 1
1030.jpg, 1
1031.jpg, 1
1032.jpg, 1
1033.jpg, 1
1034.jpg, 1
1035.jpg, 1
1036.jpg, 1
1037.jpg, 1
1038.jpg, 1
1039.jpg, 1
1040.jpg, 1
1041.jpg, 1
1042.jpg, 1
1043.jpg, 1
1044.jpg, 1
1045.jpg, 1
1046.jpg, 1
1047.jpg, 1
1048.jpg, 1
1049.jpg, 1
1050.jpg, 1
1051.jpg, 1
1052.jpg, 1
1053.jpg, 1
1054.jpg, 1
1055.jpg, 1
1056.jpg, 1
1057.jpg, 1
1058.jpg, 1
1059.jpg, 1
1060.jpg, 1
1061.jpg, 1
1062.jpg, 1
1063.jpg, 1
1064.jpg, 1
1065.jpg, 1
1066.jpg, 1
1067.jpg, 1
1068.jpg, 1
1069.jpg, 1
1070.jpg, 1
1071.jpg, 1
1072.jpg, 1
1073.jpg, 1
1074.jpg, 1
1075.jpg, 1
1076.jpg, 1
1077.jpg, 1
1078.jpg, 1
1079.jpg, 1
1080.jpg, 1
1081.jpg, 1
1082.jpg, 1
1083.jpg, 1
1084.jpg, 1
1085.jpg, 1
1086.jpg, 1
1087.jpg, 1
1088.jpg, 1
1089.jpg, 1
1090.jpg, 1
1091.jpg, 1
1092.jpg, 1
1093.jpg, 1
1094.jpg, 1
1095.jpg, 1
1096.jpg, 1
1097.jpg, 1
1098.jpg, 1
1099.jpg, 1
1100.jpg, 1
1101.jpg, 1
1102.jpg, 1
1103.jpg, 1
1104.jpg, 1
1105.jpg, 1
1106.jpg, 1
1107.jpg, 1
1108.jpg, 1
1109.jpg, 1
1110.jpg, 1
1111.jpg, 1
1112.jpg, 1
1113.jpg, 1
1114.jpg, 1
1115.jpg, 1
1116.jpg, 1
1117.jpg, 1
1118.jpg, 1
1119.jpg, 1
1120.jpg, 1
1121.jpg, 1
1122.jpg, 1
1123.jpg, 1
1124.jpg, 1
1125.jpg, 1
1126.jpg, 1
1127.jpg, 1
1128.jpg, 1
1129.jpg, 1
1130.jpg, 1
1131.jpg, 1
1132.jpg, 1
1133.jpg, 1
1134.jpg, 1
1135.jpg, 1
1136.jpg, 1
1137.jpg, 1
1138.jpg, 1
1139.jpg, 1
1140.jpg, 1
1141.jpg, 1
1142.jpg, 1
1143.jpg, 1
1144.jpg, 1
1145.jpg, 1
1146.jpg, 1
1147.jpg, 1
1148.jpg, 1
1149.jpg, 1
1150.jpg, 1
1151.jpg, 1
1152.jpg, 1
1153.jpg, 1
1154.jpg, 1
1155.jpg, 1
1156.jpg, 1
1157.jpg, 1
1158.jpg, 1
1159.jpg, 1
1160.jpg, 1
1161.jpg, 1
1162.jpg, 1
1163.jpg, 1
1164.jpg, 1
1165.jpg, 1
1166.jpg, 1
1167.jpg, 1
1168.jpg, 1
1169.jpg, 1
1170.jpg, 1
1171.jpg, 1
1172.jpg, 1
1173.jpg, 1
1174.jpg, 1
1175.jpg, 1
1176.jpg, 1
1177.jpg, 1
1178.jpg, 1
1179.jpg, 1
1180.jpg, 1
1181.jpg, 1
1182.jpg, 1
1183.jpg, 1
1184.jpg, 1
1185.jpg, 1
1186.jpg, 1
1187.jpg, 1
1188.jpg, 1
1189.jpg, 1
1190.jpg, 1
1191.jpg, 1
1192.jpg, 1
1193.jpg, 1
1194.jpg, 1
1195.jpg, 1
1196.jpg, 1
1197.jpg, 1
1198.jpg, 1
1199.jpg, 1
1200.jpg, 1
